seed,dimension,time,solution,dual_gap,rel_dual_gap,termination,ncalls
5,10,3600.033,3.8790334622940366,1.9338424257452498,0.9941658116913432,TIME_LIMIT,371902
