seed,dimension,time,solution,dual_gap,rel_dual_gap,termination,ncalls
1,10,3600.061,3.8624990166293705,1.9023246977313457,0.9704875119478144,TIME_LIMIT,373862
