seed,dimension,time,solution,dual_gap,rel_dual_gap,termination,ncalls
8,12,3600.023,4.892048876000209,3.2341484244929246,1.9507494684331557,TIME_LIMIT,572143
