seed,dimension,time,solution,dual_gap,rel_dual_gap,termination,ncalls
2,15,3600.5,6.285299630875299,4.949647876003264,3.7057922156344394,TIME_LIMIT,661759
