seed,dimension,time,solution,dual_gap,rel_dual_gap,termination,ncalls
4,13,3600.501,5.435552177108546,3.7367595494955963,2.199656090305905,TIME_LIMIT,1390622
