seed,dimension,time,solution,dual_gap,rel_dual_gap,termination,ncalls
5,4,8.394,0.966924818610073,0.003046153124350637,0.003160307654299626,OPTIMAL,123
