seed,dimension,time,solution,dual_gap,rel_dual_gap,termination,ncalls
4,12,3600.029,4.980422660515053,3.4478167747312756,2.2496434384812867,TIME_LIMIT,272526
