seed,dimension,time,solution,dual_gap,rel_dual_gap,termination,ncalls
3,6,6.901,1.7677150703194724,0.01650016656312947,0.009422125478567328,OPTIMAL,3287
