seed,dimension,time,solution,dual_gap,rel_dual_gap,termination,ncalls
6,11,3600.502,4.418119417423162,2.2645419500783444,1.0515256518124407,TIME_LIMIT,1821382
