seed,dimension,time,solution,dual_gap,rel_dual_gap,termination,ncalls
3,10,1200.647,3.8525453501751827,1.6486437318737002,0.748056863420377,Time limit reached,841137
