seed,dimension,time,solution,dual_gap,rel_dual_gap,termination,ncalls
6,12,3600.019,4.955453637131294,3.4528764031361505,2.2979693323020967,TIME_LIMIT,247155
