seed,dimension,time,solution,dual_gap,rel_dual_gap,termination,ncalls
3,7,10.681,2.3490337466077125,0.023078439915016347,0.00992213386414198,OPTIMAL,28496
