seed,dimension,time,solution,dual_gap,rel_dual_gap,termination,ncalls
1,9,1200.55,3.2369017690303363,0.6994125356755281,0.2756317254402047,Time limit reached,649466
