seed,dimension,time,solution,dual_gap,rel_dual_gap,termination,ncalls
5,9,3600.58,3.4752792966372104,0.771543262273342,0.2853619038497853,TIME_LIMIT,990248
