seed,dimension,time,solution,dual_gap,rel_dual_gap,termination,ncalls
8,10,3600.037,3.978772591917731,2.0231067066129333,1.0344848380364444,TIME_LIMIT,368947
