seed,dimension,time,solution,dual_gap,rel_dual_gap,termination,ncalls
5,8,430.474,2.960373697147759,0.029294715246724667,0.009994515817422547,OPTIMAL,289519
