seed,dimension,time,solution,dual_gap,rel_dual_gap,termination,ncalls
10,6,42.79,1.913440232665938,0.01832368438028875,0.009668895771536916,OPTIMAL,4328
