seed,dimension,time,solution,dual_gap,rel_dual_gap,termination,ncalls
4,10,3600.559,4.0492506564515,1.649693791353191,0.6874993526296796,TIME_LIMIT,1530316
