seed,dimension,time,solution,dual_gap,rel_dual_gap,termination,ncalls
2,10,1200.685,3.8698049654838362,1.643974870312566,0.7385895598585963,Time limit reached,828872
