seed,dimension,time,solution,dual_gap,rel_dual_gap,termination,ncalls
3,6,38.155,1.7677150703194724,0.01687280742387509,0.009636966037117655,OPTIMAL,3279
