seed,dimension,time,solution,dual_gap,rel_dual_gap,termination,ncalls
3,8,332.41,2.9224634507541283,0.028912835797226588,0.009992165213138058,OPTIMAL,258708
