seed,dimension,time,solution,dual_gap,rel_dual_gap,termination,ncalls
2,10,1200.021,3.8871041580155303,2.2531725389683555,1.378988271420006,Time limit reached,120594
