seed,dimension,time,solution,dual_gap,rel_dual_gap,termination,ncalls
6,8,436.731,3.0083278882817215,0.029781244667545614,0.009998582607861725,OPTIMAL,306064
