seed,dimension,time,solution,dual_gap,rel_dual_gap,termination,ncalls
5,9,1200.022,3.4752792966372104,1.4397398541915516,0.7073013787744313,Time limit reached,199594
