seed,dimension,time,solution,dual_gap,rel_dual_gap,termination,ncalls
1,7,276.394,2.37229261982671,0.02308822504171415,0.009828103971271191,OPTIMAL,28017
