seed,dimension,time,solution,dual_gap,rel_dual_gap,termination,ncalls
4,10,1200.026,4.058817023077542,2.3572455599252944,1.385334445817737,Time limit reached,200882
