seed,dimension,time,solution,dual_gap,rel_dual_gap,termination,ncalls
3,10,3600.027,3.8525453501751827,1.9142814598816749,0.9876268497122952,TIME_LIMIT,368836
