seed,dimension,time,solution,dual_gap,rel_dual_gap,termination,ncalls
8,10,3600.586,3.978772591917731,1.576561445818876,0.6562959498290487,TIME_LIMIT,1519538
