seed,dimension,time,solution,dual_gap,rel_dual_gap,termination,ncalls
10,14,3600.493,5.821839349103505,4.227261677545486,2.6510227459883726,TIME_LIMIT,1085182
