seed,dimension,time,solution,dual_gap,rel_dual_gap,termination,ncalls
5,14,3600.605,5.887523169534442,4.310898816376136,2.7342586759747243,TIME_LIMIT,1108869
