seed,dimension,time,solution,dual_gap,rel_dual_gap,termination,ncalls
2,12,3600.541,4.844170563421807,2.8339286541883424,1.4097450864851195,TIME_LIMIT,1801018
