seed,dimension,time,solution,dual_gap,rel_dual_gap,termination,ncalls
6,11,3600.026,4.422572487101518,2.7470767826118063,1.6395606239100775,TIME_LIMIT,351694
