seed,dimension,time,solution,dual_gap,rel_dual_gap,termination,ncalls
10,8,427.89,2.9609285085486836,0.02930762288559574,0.009997071254650583,OPTIMAL,284487
