seed,dimension,time,solution,dual_gap,rel_dual_gap,termination,ncalls
2,14,3600.489,5.8298508279400565,4.2526779367693255,2.696392995705484,TIME_LIMIT,1034801
