seed,dimension,time,solution,dual_gap,rel_dual_gap,termination,ncalls
4,7,16.668,2.602557764540016,0.025749492736916846,0.00999278565607012,OPTIMAL,39775
