seed,dimension,time,solution,dual_gap,rel_dual_gap,termination,ncalls
10,9,3600.05,3.3444521181408193,1.0342094537702184,0.44766269349976573,TIME_LIMIT,405645
