seed,dimension,time,solution,dual_gap,rel_dual_gap,termination,ncalls
4,9,3600.606,3.504334111967668,0.8350869866265906,0.31285487907751625,TIME_LIMIT,1000384
