seed,dimension,time,solution,dual_gap,rel_dual_gap,termination,ncalls
4,8,1200.036,3.0022693493973156,0.6654480212177525,0.2847663247477083,Time limit reached,139972
