seed,dimension,time,solution,dual_gap,rel_dual_gap,termination,ncalls
4,8,445.43,3.0022693493973156,0.02969170089036055,0.009988536684743587,OPTIMAL,307022
