seed,dimension,time,solution,dual_gap,rel_dual_gap,termination,ncalls
1,10,3600.533,3.8624990166293705,1.4412044738540795,0.5952206344140887,TIME_LIMIT,1508331
