seed,dimension,time,solution,dual_gap,rel_dual_gap,termination,ncalls
4,10,3600.039,4.069175271281905,2.1155406803546337,1.0828742950085233,TIME_LIMIT,369609
