seed,dimension,time,solution,dual_gap,rel_dual_gap,termination,ncalls
2,6,21.835,2.1116520376273074,0.018534586354066906,0.00885501496478009,OPTIMAL,5362
