seed,dimension,time,solution,dual_gap,rel_dual_gap,termination,ncalls
7,13,3600.024,5.341141007781571,3.9411294176438854,2.81506913614643,TIME_LIMIT,276214
