seed,dimension,time,solution,dual_gap,rel_dual_gap,termination,ncalls
5,7,12.229,2.449834535501338,0.024149978926978122,0.009955943719691072,OPTIMAL,33410
