seed,dimension,time,solution,dual_gap,rel_dual_gap,termination,ncalls
5,12,3600.524,4.87106840154018,2.873391819784536,1.4383668738106123,TIME_LIMIT,1849880
