seed,dimension,time,solution,dual_gap,rel_dual_gap,termination,ncalls
3,12,3600.538,4.86165223973068,2.853793277408517,1.4213116214636907,TIME_LIMIT,1823196
