seed,dimension,time,solution,dual_gap,rel_dual_gap,termination,ncalls
7,12,3600.033,4.834393385358019,3.2702087202486627,2.0906794403460247,TIME_LIMIT,352894
