seed,dimension,time,solution,dual_gap,rel_dual_gap,termination,ncalls
5,10,1200.018,3.8790334622940366,2.1972527263724295,1.3065036835306278,Time limit reached,179497
