seed,dimension,time,solution,dual_gap,rel_dual_gap,termination,ncalls
1,7,10.611,2.37229261982671,0.023214407342390775,0.009882347560424509,OPTIMAL,27969
