seed,dimension,time,solution,dual_gap,rel_dual_gap,termination,ncalls
4,9,1200.582,3.504334111967668,1.012454194357551,0.4063013579436699,Time limit reached,646490
