seed,dimension,time,solution,dual_gap,rel_dual_gap,termination,ncalls
9,10,3600.638,3.877481186725542,1.466181535471602,0.6080461773836978,TIME_LIMIT,1505893
