seed,dimension,time,solution,dual_gap,rel_dual_gap,termination,ncalls
5,6,43.833,2.0142823379596324,0.01743278314833585,0.008730143493450741,OPTIMAL,4966
