seed,dimension,time,solution,dual_gap,rel_dual_gap,termination,ncalls
1,10,1200.565,3.8624990166293705,1.6407125112595478,0.7384654228901469,Time limit reached,866592
