seed,dimension,time,solution,dual_gap,rel_dual_gap,termination,ncalls
5,8,347.693,2.960373697147759,0.029279318746274097,0.009989210501724615,OPTIMAL,289619
