seed,dimension,time,solution,dual_gap,rel_dual_gap,termination,ncalls
1,9,3600.053,3.2369017690303363,1.0080015645484908,0.4522416761960062,TIME_LIMIT,321531
