seed,dimension,time,solution,dual_gap,rel_dual_gap,termination,ncalls
5,9,1200.552,3.4752792966372104,0.9670993973428184,0.38557816272065865,Time limit reached,641324
