seed,dimension,time,solution,dual_gap,rel_dual_gap,termination,ncalls
3,9,3600.044,3.423023565235768,1.2106545539290852,0.5472208965782074,TIME_LIMIT,325657
