seed,dimension,time,solution,dual_gap,rel_dual_gap,termination,ncalls
3,7,15.642,2.3490337466077125,0.023124634529417598,0.00994219181193834,OPTIMAL,28565
