seed,dimension,time,lowerBound,upperBound,termination,LMOcalls,localTighteings,globalTightenings,list_active_set_size_cb,list_discarded_set_size_cb
1,3,6526.0,-0.007223296647112635,0.7820526590556626,OPTIMAL,10,0,0,3,0
1,3,7773.0,-0.007223296647112635,0.7820526590556626,OPTIMAL,16,0,0,2,0
1,3,7778.0,0.292238541482024,0.7820526590556626,OPTIMAL,20,0,0,1,0
1,3,7781.0,0.292238541482024,0.7820526590556626,OPTIMAL,23,0,0,1,0
1,3,7786.0,0.29718618731482627,0.7820526590556626,OPTIMAL,27,0,0,2,0
1,3,7846.0,0.29718618731482627,0.7820526590556626,OPTIMAL,29,0,0,1,0
1,3,7849.0,0.5384652614511988,0.7820526590556626,OPTIMAL,31,0,0,1,0
1,3,7852.0,0.5384652614511988,0.7820526590556626,OPTIMAL,33,0,0,1,0
1,3,7854.0,0.7820526590556626,0.7820526590556626,OPTIMAL,35,0,0,1,0
