seed,dimension,time,lowerBound,upperBound,termination,LMOcalls,localTighteings,globalTightenings,list_active_set_size_cb,list_discarded_set_size_cb
6,3,6399.0,-0.007689767183175205,0.5943356238753101,OPTIMAL,10,0,0,3,0
6,3,7701.0,-0.007689767183175205,0.5943356238753101,OPTIMAL,16,0,0,2,0
6,3,7701.0,0.2860807669528737,0.5943356238753101,OPTIMAL,19,0,0,1,0
6,3,7701.0,0.2860807669528737,0.5943356238753101,OPTIMAL,23,0,0,2,0
6,3,7701.0,0.2869276687281623,0.5943356238753101,OPTIMAL,27,0,0,2,0
6,3,7762.0,0.2869276687281623,0.5943356238753101,OPTIMAL,29,0,0,1,0
6,3,7762.0,0.5943356238753101,0.5943356238753101,OPTIMAL,31,0,0,1,0
