seed,dimension,time,lowerBound,upperBound,termination,LMOcalls,localTighteings,globalTightenings,list_active_set_size_cb,list_discarded_set_size_cb
7,3,6886.0,-0.004388407753158049,0.584161088764483,OPTIMAL,11,0,0,3,0
7,3,8151.0,-0.004388407753158049,0.584161088764483,OPTIMAL,17,0,0,3,0
7,3,8155.0,0.2599675443857362,0.584161088764483,OPTIMAL,21,0,0,1,0
7,3,8218.0,0.2599675443857362,0.584161088764483,OPTIMAL,23,0,0,1,0
7,3,8221.0,0.32581856980247803,0.584161088764483,OPTIMAL,25,0,0,1,0
7,3,8226.0,0.32581856980247803,0.584161088764483,OPTIMAL,29,0,0,2,0
7,3,8229.0,0.5653303198431434,0.584161088764483,OPTIMAL,31,0,0,1,0
7,3,8233.0,0.5653303198431434,0.584161088764483,OPTIMAL,35,0,0,2,0
7,3,8235.0,0.584161088764483,0.584161088764483,OPTIMAL,37,0,0,1,0
