seed,dimension,time,lowerBound,upperBound,termination,LMOcalls,localTighteings,globalTightenings,list_active_set_size_cb,list_discarded_set_size_cb
9,3,5048.0,-0.0009847554895627548,0.5556076797357797,OPTIMAL,10,0,0,3,0
9,3,6082.0,-0.0009847554895627548,0.5556076797357797,OPTIMAL,17,0,0,3,0
9,3,6082.0,0.21203571302865648,0.5556076797357797,OPTIMAL,21,0,0,1,0
9,3,6092.0,0.21203571302865648,0.5556076797357797,OPTIMAL,23,0,0,1,0
9,3,6134.0,0.41971927803194586,0.5556076797357797,OPTIMAL,25,0,0,1,0
9,3,6134.0,0.41971927803194586,0.5556076797357797,OPTIMAL,28,0,0,3,0
9,3,6134.0,0.5556076797357797,0.5556076797357797,OPTIMAL,30,0,0,1,0
