seed,dimension,time,lowerBound,upperBound,termination,LMOcalls,localTighteings,globalTightenings,list_active_set_size_cb,list_discarded_set_size_cb
2,3,6854.0,-0.00610889024823938,0.5790167009153805,OPTIMAL,11,0,0,3,0
2,3,8204.0,-0.00610889024823938,0.5790167009153805,OPTIMAL,17,0,0,3,0
2,3,8209.0,0.27321934851495155,0.5790167009153805,OPTIMAL,21,0,0,1,0
2,3,8215.0,0.27321934851495155,0.5790167009153805,OPTIMAL,26,0,0,1,0
2,3,8231.0,0.2992846065876095,0.5790167009153805,OPTIMAL,28,0,0,1,0
2,3,8286.0,0.2992846065876095,0.5790167009153805,OPTIMAL,30,0,0,1,0
2,3,8290.0,0.5285935869074085,0.5790167009153805,OPTIMAL,32,0,0,1,0
2,3,8292.0,0.5285935869074085,0.5790167009153805,OPTIMAL,34,0,0,1,0
2,3,8298.0,0.5790167009153805,0.5790167009153805,OPTIMAL,39,0,0,2,0
