seed,dimension,time,lowerBound,upperBound,termination,LMOcalls,localTighteings,globalTightenings,list_active_set_size_cb,list_discarded_set_size_cb
9,3,6852.0,-0.0009847554895627548,0.5556076797357797,OPTIMAL,10,0,0,3,0
9,3,8153.0,-0.0009847554895627548,0.5556076797357797,OPTIMAL,17,0,0,3,0
9,3,8158.0,0.21203571302865648,0.5556076797357797,OPTIMAL,21,0,0,1,0
9,3,8172.0,0.21203571302865648,0.5556076797357797,OPTIMAL,23,0,0,1,0
9,3,8226.0,0.4197192780319459,0.5556076797357797,OPTIMAL,25,0,0,1,0
9,3,8231.0,0.4197192780319459,0.5556076797357797,OPTIMAL,28,0,0,3,0
9,3,8234.0,0.5556076797357797,0.5556076797357797,OPTIMAL,30,0,0,1,0
