seed,dimension,time,lowerBound,upperBound,termination,LMOcalls,localTighteings,globalTightenings,list_active_set_size_cb,list_discarded_set_size_cb
8,3,6451.0,-0.005375093025556222,0.8064394105506951,OPTIMAL,11,0,0,3,0
8,3,7754.0,-0.005375093025556222,0.8064394105506951,OPTIMAL,17,0,0,2,0
8,3,7778.0,0.2774430524511333,0.7549276673614204,OPTIMAL,21,0,0,1,0
8,3,7791.0,0.2774430524511333,0.7549276673614204,OPTIMAL,23,0,0,1,0
8,3,7841.0,0.2926941542642853,0.7549276673614204,OPTIMAL,25,0,0,1,0
8,3,7841.0,0.2926941542642853,0.7549276673614204,OPTIMAL,29,0,0,1,0
8,3,7841.0,0.5814235311720966,0.7549276673614204,OPTIMAL,32,0,0,2,0
8,3,7841.0,0.5814235311720966,0.7549276673614204,OPTIMAL,34,0,0,1,0
8,3,7841.0,0.7549276673614204,0.7549276673614204,OPTIMAL,36,0,0,1,0
