seed,dimension,time,lowerBound,upperBound,termination,LMOcalls,localTighteings,globalTightenings,list_active_set_size_cb,list_discarded_set_size_cb
3,3,7393.0,-0.005611849499208204,0.5687442356870922,OPTIMAL,10,0,0,3,0
3,3,8831.0,-0.005611849499208204,0.5687442356870922,OPTIMAL,16,0,0,2,0
3,3,8836.0,0.2853712308143634,0.5687442356870922,OPTIMAL,20,0,0,1,0
3,3,8842.0,0.2853712308143634,0.5687442356870922,OPTIMAL,25,0,0,2,0
3,3,8847.0,0.30904198870277033,0.5687442356870922,OPTIMAL,29,0,0,2,0
3,3,8951.0,0.30904198870277033,0.5687442356870922,OPTIMAL,31,0,0,1,0
3,3,8955.0,0.5687442356870922,0.5687442356870922,OPTIMAL,33,0,0,1,0
